,price,area,bedrooms,bathrooms,stories,mainroad,guestroom,basement,hotwaterheating,airconditioning,parking,prefarea,furnishingstatus,random
0,13300000,7420.0,4,2,3,yes,no,no,no,yes,2,yes,furnished,0.2814650217983241
1,12250000,8960.0,4,4,4,yes,no,no,no,yes,3,no,furnished,0.6823039429895003
2,12250000,9960.0,3,2,2,yes,no,yes,no,no,2,yes,semi-furnished,0.03313429358725761
3,12215000,7500.0,4,2,2,,no,yes,no,yes,3,yes,furnished,0.9282304735223461
4,11410000,7420.0,4,1,2,yes,yes,yes,no,yes,2,no,furnished,0.47803326731717244
5,10850000,7500.0,3,3,1,yes,no,yes,no,yes,2,yes,semi-furnished,0.5985708091618822
6,10150000,8580.0,4,3,4,yes,no,no,no,yes,2,yes,semi-furnished,0.9194198052104996
7,10150000,,5,3,2,yes,no,no,no,no,0,no,unfurnished,0.5293147367610669
8,9870000,8100.0,4,1,2,,yes,yes,no,yes,2,yes,furnished,0.013311082255723528
9,9800000,5750.0,3,2,4,yes,yes,no,no,yes,1,yes,unfurnished,0.1410125465678117
10,9800000,13200.0,3,1,2,yes,no,yes,no,yes,2,yes,furnished,0.1412309764132582
11,9681000,6000.0,4,3,2,yes,yes,yes,yes,no,2,no,semi-furnished,0.7193697104311979
12,9310000,6550.0,4,2,2,yes,no,no,no,yes,1,yes,semi-furnished,0.2778490709329686
13,9240000,3500.0,4,2,2,yes,no,no,yes,no,2,no,furnished,0.5920540654574095
14,9240000,7800.0,3,2,2,yes,no,no,no,no,0,yes,semi-furnished,0.6605742549490522
15,9100000,6000.0,4,1,2,yes,no,yes,no,no,2,no,semi-furnished,0.1678545990568865
16,9100000,6600.0,4,2,2,yes,yes,yes,no,yes,1,yes,unfurnished,0.8997384845281464
17,8960000,8500.0,3,2,4,yes,no,no,no,yes,2,no,furnished,0.08677917769080601
18,8890000,4600.0,3,2,2,yes,yes,no,no,yes,2,no,furnished,0.2789989393266804
19,8855000,6420.0,3,2,2,yes,no,no,no,yes,1,yes,semi-furnished,0.06373171205830108
20,8750000,4320.0,3,1,2,yes,no,yes,yes,no,2,no,semi-furnished,0.5625019495199457
21,8680000,7155.0,3,2,1,yes,yes,yes,no,yes,2,no,unfurnished,0.4699318317449477
22,8645000,8050.0,3,1,1,yes,yes,yes,no,yes,1,no,furnished,0.9796258406728934
23,8645000,4560.0,3,2,2,yes,yes,yes,no,yes,1,no,furnished,0.18731475244862716
24,8575000,8800.0,3,2,2,yes,no,no,no,yes,2,no,furnised,0.7274828236423677
25,8540000,6540.0,4,2,2,yes,yes,yes,no,yes,2,yes,furnished,0.46008895509572345
26,8463000,6000.0,3,2,4,yes,yes,yes,no,yes,0,yes,semi-furnished,0.26069393250415374
27,8400000,8875.0,3,1,1,yes,no,no,no,no,1,no,semi-furnished,0.06308715983633739
28,8400000,7950.0,5,2,2,yes,no,yes,yes,no,2,no,unfurnished,0.01629412941367059
29,8400000,5500.0,4,2,2,yes,no,yes,no,yes,1,yes,semi-furnished,0.6539353001248255
30,8400000,7475.0,3,2,4,yes,no,no,no,yes,2,no,unfurnished,0.1754868340528083
31,8400000,7000.0,3,1,4,yes,no,no,no,yes,2,no,semi-furnished,0.4071015365623687
32,8295000,4880.0,4,2,2,yes,no,no,no,yes,1,yes,furnished,0.30379335297187204
33,8190000,5960.0,3,3,2,yes,yes,yes,no,no,1,no,unfurnished,0.2887251079455294
34,8120000,6840.0,5,1,2,yes,yes,yes,no,yes,1,no,furnished,0.030544997426718568
35,8080940,7000.0,3,2,4,yes,no,no,no,yes,2,no,furnished,0.7166186866145743
36,8043000,7482.0,3,2,3,yes,no,no,yes,no,1,yes,furnished,0.9768149439974195
37,7980000,9000.0,4,2,4,yes,no,no,no,yes,2,no,furnished,0.5470047647360058
38,7962500,6000.0,3,1,4,yes,yes,no,no,yes,2,no,unfurnished,0.11688208951712731
39,7910000,6000.0,4,2,4,yes,no,no,no,yes,1,no,semi-furnished,0.5388431544009682
40,7875000,6550.0,3,1,2,yes,no,yes,no,yes,0,yes,furnished,0.14579760104586204
41,7840000,6360.0,3,2,4,yes,no,no,no,yes,0,yes,furnished,0.6611191380210331
42,7700000,6480.0,3,2,4,yes,no,no,no,yes,2,no,unfurnished,0.26367335635171685
43,7700000,6000.0,4,2,4,yes,no,no,no,no,2,no,semi-furnished,0.44124353415676487
44,7560000,6000.0,4,2,4,yes,no,no,no,yes,1,no,furnished,0.5732548784831725
45,7560000,6000.0,3,2,3,yes,no,no,no,yes,0,no,semi-furnished,0.6549230139429548
46,7525000,6000.0,3,2,4,yes,no,no,no,yes,1,no,furnished,0.6832041060062423
47,-7490000,6600.0,3,1,4,yes,no,no,no,yes,3,yes,furnished,0.6968530079032815
48,7455000,4300.0,3,2,2,yes,no,yes,no,no,1,no,unfurnished,0.3383840487995078
49,7420000,7440.0,3,2,1,yes,yes,yes,no,yes,0,yes,semi-furnished,0.14400191732820988
50,7420000,7440.0,3,2,4,yes,no,no,no,no,1,yes,unfurnished,0.7733799278838706
51,7420000,6325.0,3,1,4,yes,no,no,no,yes,1,no,unfurnished,0.6197198173181119
52,7350000,6000.0,4,2,4,yes,yes,no,no,yes,1,no,furnished,0.9854210895046966
53,7350000,5150.0,3,2,4,yes,no,no,no,yes,2,no,semi-furnished,0.8059828284104491
54,7350000,6000.0,3,2,2,yes,yes,no,no,yes,1,no,semi-furnished,0.8845075624935601
55,7350000,6000.0,3,1,2,yes,no,no,no,yes,1,no,unfurnished,0.1149974999454747
56,7343000,11440.0,4,1,2,yes,no,yes,no,no,1,yes,semi-furnished,0.15230579965227908
57,7245000,9000.0,4,2,4,yes,yes,no,no,yes,1,yes,furnished,0.19882529458517306
58,7210000,7680.0,4,2,4,yes,yes,no,no,yes,1,no,semi-furnished,0.849374316769095
59,7210000,6000.0,3,2,4,yes,yes,no,no,yes,1,no,furnished,0.42509538310450024
60,7140000,6000.0,3,2,2,yes,yes,no,no,no,1,no,semi-furnished,0.3957987267073807
61,7070000,8880.0,2,1,1,yes,no,no,no,yes,1,no,semi-furnished,0.8005315721079221
62,7070000,6240.0,4,2,2,yes,no,no,no,yes,1,no,furnished,0.7865370165247563
63,7035000,6360.0,4,2,3,yes,no,no,no,yes,2,yes,furnished,0.7893652295326471
64,7000000,11175.0,3,1,1,yes,no,yes,no,yes,1,yes,furnished,0.2823796278012024
65,6930000,8880.0,3,2,2,yes,no,yes,no,yes,1,no,furnished,0.9827540040827696
66,6930000,13200.0,2,1,1,,no,yes,yes,no,1,no,furnished,0.7730928366560956
67,6895000,7700.0,3,2,1,yes,no,no,no,no,2,no,unfurnished,0.9441259116549434
68,6860000,6000.0,3,1,1,yes,no,no,no,yes,1,no,furnished,0.7584381542164972
69,6790000,12090.0,4,2,2,yes,no,no,no,no,2,yes,furnished,0.8850993712177908
70,6790000,4000.0,3,2,2,yes,no,yes,no,yes,0,yes,semi-furnished,0.013007722520980591
71,6755000,6000.0,4,2,4,yes,no,no,no,yes,0,no,unfurnished,0.20176418578687694
72,6720000,5020.0,3,1,4,yes,no,no,no,yes,0,yes,unfurnished,0.6366116591738734
73,6685000,6600.0,2,2,4,yes,no,yes,no,no,0,yes,furnished,0.9009623631691103
74,6650000,4040.0,3,1,2,,no,yes,yes,no,1,no,furnished,0.8405757093518869
75,6650000,4260.0,4,2,2,yes,no,no,yes,no,0,no,semi-furnished,0.5058415377194383
76,6650000,6420.0,3,2,3,yes,no,no,no,yes,0,yes,furnished,0.5216629909137992
77,6650000,6500.0,3,2,3,yes,no,no,no,yes,0,yes,furnished,0.8387082985885483
78,6650000,,3,1,1,yes,yes,yes,no,yes,2,yes,furnished,0.05939967579350769
79,6650000,6000.0,3,2,3,yes,yes,no,no,yes,0,no,furnished,0.4976556699653868
80,6629000,6000.0,3,1,2,yes,no,no,yes,no,1,yes,semi-furnished,0.6203239780343919
81,6615000,4000.0,3,2,2,yes,no,yes,no,yes,1,no,semi-furnished,0.5919804157608946
82,6615000,10500.0,3,2,1,yes,no,yes,no,yes,1,yes,furnished,0.45436527524150305
83,6580000,6000.0,3,2,4,yes,no,no,no,yes,0,no,semi-furnished,0.4034174914901839
84,6510000,3760.0,3,1,2,yes,no,no,yes,no,2,no,semi-furnished,0.6812881826226035
85,6510000,8250.0,3,2,3,yes,no,no,no,yes,0,no,furnished,0.7268286646439608
86,6510000,6670.0,3,1,3,yes,no,yes,no,no,0,yes,unfurnished,0.0042024679514528485
87,6475000,3960.0,3,1,1,yes,no,yes,no,no,2,no,semi-furnished,0.6118486333638774
88,-6475000,7410.0,3,1,1,yes,yes,yes,no,yes,2,yes,unfurnished,0.09148222793053418
89,6440000,8580.0,5,3,2,yes,no,no,no,no,2,no,furnished,0.803547462596745
90,6440000,5000.0,3,1,2,yes,no,no,no,yes,0,no,semi-furnished,0.7484152336764518
91,6419000,6750.0,2,1,1,yes,yes,yes,no,no,2,yes,furnished,0.48764581332206347
92,6405000,4800.0,3,2,4,yes,yes,no,no,yes,0,no,furnished,0.7567750563669899
93,6300000,7200.0,3,2,1,yes,no,yes,no,yes,3,no,semi-furnished,0.8022255407090451
94,6300000,,4,2,4,yes,no,no,no,no,1,no,semi-furnished,0.6445925169023456
95,6300000,4100.0,3,2,3,yes,no,no,no,yes,2,no,semi-furnished,0.8226349894345668
96,6300000,9000.0,3,1,1,yes,no,yes,no,no,1,yes,furnished,0.7298476483886961
97,6300000,6400.0,3,1,1,yes,yes,yes,no,yes,1,yes,semi-furnished,0.5077738494283587
98,6293000,,3,2,3,yes,no,no,no,yes,0,yes,unfurnished,0.8549031911978314
99,-6265000,6000.0,4,1,3,yes,yes,yes,no,no,0,yes,unfurnished,0.8752989860336803
100,6230000,6600.0,3,2,1,yes,no,yes,no,yes,0,yes,unfurnished,0.3880126317982372
101,6230000,5500.0,3,1,3,yes,no,no,no,no,1,yes,unfurnished,0.07997629957245622
102,6195000,5500.0,3,2,4,yes,yes,no,no,yes,1,no,semi-furnished,0.024208395133141436
103,6195000,6350.0,3,2,3,yes,yes,no,no,yes,0,no,furnished,0.6848232154549065
104,6195000,5500.0,3,2,1,yes,yes,yes,no,no,2,yes,furnished,0.1626593440485704
105,6160000,4500.0,3,1,4,yes,no,no,no,yes,0,no,unfurnished,0.1253276794921867
106,-6160000,5450.0,4,2,1,yes,no,yes,no,yes,0,yes,semi-furnished,0.5536067967659747
107,6125000,6420.0,3,1,3,yes,no,yes,no,no,0,yes,unfurnished,0.958584086031012
108,6107500,3240.0,4,1,3,yes,no,no,no,no,1,no,semi-furnished,0.6647457398235151
109,6090000,6615.0,4,2,2,yes,yes,no,yes,no,1,no,semi-furnished,0.3162379365119423
110,6090000,6600.0,3,1,1,,yes,yes,no,no,2,yes,semi-furnished,0.7577180361429855
111,-6090000,8372.0,3,1,3,yes,no,no,no,yes,2,no,unfurnished,0.21774038017921216
112,6083000,4300.0,6,2,2,yes,no,no,no,no,0,no,furnished,0.2351435414890819
113,6083000,9620.0,3,1,1,yes,no,yes,no,no,2,yes,furnished,0.37151817120552055
114,6020000,6800.0,2,1,1,,yes,yes,no,no,2,no,furnished,0.8947454751971521
115,6020000,,3,1,1,yes,yes,yes,no,yes,2,yes,semi-furnished,0.90935675862122
116,6020000,6900.0,3,2,1,yes,yes,yes,no,no,0,yes,unfurnished,0.6478872865636381
117,5950000,3700.0,4,1,2,yes,yes,no,no,yes,0,no,furnished,0.5514363513042538
118,5950000,6420.0,3,1,1,yes,no,yes,no,yes,0,yes,furnished,0.3056342698301402
119,5950000,7020.0,3,1,1,yes,no,yes,no,yes,2,yes,semi-furnished,0.21598994270715832
120,5950000,6540.0,3,1,1,yes,yes,yes,no,no,2,yes,furnished,0.029175249509675538
121,5950000,7231.0,3,1,2,yes,yes,yes,no,yes,0,yes,semi-furnished,0.2770692584591564
122,5950000,6254.0,4,2,1,yes,no,yes,no,no,1,yes,semi-furnished,0.7927115950369403
123,5950000,7320.0,4,2,2,yes,no,no,no,no,0,no,furnished,0.7775046991254166
124,5950000,6525.0,3,2,4,yes,no,no,no,no,1,no,furnished,0.600169945772924
125,5943000,15600.0,3,1,1,yes,no,no,no,yes,2,no,semi-furnished,0.44115585815396907
126,5880000,7160.0,3,1,1,yes,no,yes,no,no,2,yes,unfurnished,0.8669800270175949
127,5880000,6500.0,3,2,3,yes,no,no,no,yes,0,no,unfurnished,0.009523393579543349
128,5873000,5500.0,3,1,3,yes,yes,no,no,yes,1,no,furnished,0.6409444421459626
129,5873000,11460.0,3,1,3,yes,no,no,no,no,2,yes,semi-furnished,0.170423131957254
130,5866000,4800.0,3,1,1,yes,yes,yes,no,no,0,no,unfurnished,0.6700456663967326
131,5810000,5828.0,4,1,4,yes,yes,no,no,no,0,no,semi-furnished,0.9109894332278047
132,5810000,5200.0,3,1,3,yes,no,no,no,yes,0,no,semi-furnished,0.6727779991076598
133,5810000,4800.0,3,1,3,yes,no,no,no,yes,0,no,unfurnished,0.37117058184211693
134,5803000,,3,1,1,yes,no,yes,no,no,2,yes,semi-furnished,0.29914911928072196
135,5775000,6000.0,3,2,4,yes,no,no,no,yes,0,no,unfurnished,0.43428845935626825
136,5740000,5400.0,4,2,2,yes,no,no,no,yes,2,no,unfurnished,0.6062094815598184
137,5740000,4640.0,4,1,2,yes,no,no,no,no,1,no,semi-furnished,0.1641257085615082
138,5740000,5000.0,3,1,3,yes,no,no,no,yes,0,no,semi-furnished,0.15485419971693903
139,5740000,6360.0,3,1,1,yes,yes,yes,no,yes,2,yes,furnished,0.3194980039929928
140,5740000,5800.0,3,2,4,yes,no,no,no,yes,0,no,unfurnished,0.18124719497406194
141,5652500,6660.0,4,2,2,yes,yes,yes,no,no,1,yes,semi-furnished,0.965676484580708
142,5600000,10500.0,4,2,2,yes,no,no,no,no,1,no,semi-furnished,0.9866662697438755
143,5600000,,5,2,3,no,no,yes,yes,no,0,no,unfurnished,0.6612415669510152
144,5600000,4700.0,4,1,2,yes,yes,yes,no,yes,1,no,furnished,0.5192679240128848
145,5600000,5000.0,3,1,4,yes,no,no,no,no,0,no,furnished,0.7336166918158992
146,5600000,10500.0,2,1,1,yes,no,no,no,no,1,no,semi-furnished,0.8421755378962172
147,5600000,5500.0,3,2,2,yes,no,no,no,no,1,no,semi-furnished,0.11822810797603467
148,5600000,6360.0,3,1,3,yes,no,no,no,no,0,yes,semi-furnished,0.37349051756255613
149,5600000,6600.0,4,2,1,yes,no,yes,no,no,0,yes,semi-furnished,0.9591182929318626
150,5600000,5136.0,3,1,2,yes,yes,yes,no,yes,0,yes,unfurnished,0.2733759649012555
151,5565000,4400.0,4,1,2,yes,no,no,no,yes,2,yes,semi-furnished,0.5511478515414572
152,5565000,5400.0,5,1,2,yes,yes,yes,no,yes,0,yes,furnised,0.5486465018883715
153,5530000,3300.0,3,3,2,yes,no,yes,no,no,0,no,semi-furnished,0.9092585590778131
154,5530000,3650.0,3,2,2,yes,no,no,no,no,2,no,semi-furnished,0.3864674619962234
155,5530000,6100.0,3,2,1,yes,no,yes,no,no,2,yes,furnished,0.869791195938784
156,5523000,6900.0,3,1,1,yes,yes,yes,no,no,0,yes,semi-furnished,0.4579573849091828
157,5495000,2817.0,4,2,2,no,yes,yes,no,no,1,no,furnished,0.4587154274403139
158,5495000,7980.0,3,1,1,yes,no,no,no,no,2,no,semi-furnished,0.2504028945609754
159,5460000,3150.0,3,2,1,yes,yes,yes,no,yes,0,no,furnished,0.4803976865430867
160,5460000,6210.0,4,1,4,yes,yes,no,no,yes,0,no,furnished,0.6859055508150075
161,5460000,6100.0,3,1,3,yes,yes,no,no,yes,0,yes,semi-furnished,0.45364974706723715
162,5460000,6600.0,4,2,2,yes,yes,yes,no,no,0,yes,semi-furnished,0.7397186694841457
163,5425000,6825.0,3,1,1,yes,yes,yes,no,yes,0,yes,semi-furnished,0.2537256071440873
164,5390000,6710.0,3,2,2,yes,yes,yes,no,no,1,yes,furnished,0.8448262761432672
165,5383000,6450.0,3,2,1,yes,yes,yes,yes,no,0,no,unfurnished,0.005687255277731507
166,5320000,7800.0,3,1,1,yes,no,yes,no,yes,2,yes,unfurnished,0.3397112728697449
167,5285000,4600.0,2,2,1,yes,no,no,no,yes,2,no,semi-furnished,0.8699225617547338
168,5250000,4260.0,4,1,2,yes,no,yes,no,yes,0,no,furnished,0.9890571978838228
169,5250000,6540.0,4,2,2,no,no,no,no,yes,0,no,semi-furnished,0.6006839508714712
170,5250000,5500.0,3,2,1,yes,no,yes,no,no,0,no,semi-furnished,0.9061053767272041
171,5250000,10269.0,3,1,1,yes,no,no,no,no,1,yes,semi-furnished,0.4065037163759724
172,5250000,8400.0,3,1,2,yes,yes,yes,no,yes,2,yes,unfurnished,0.18994130796360176
173,5250000,5300.0,4,2,1,yes,no,no,no,yes,0,yes,unfurnished,0.17399627386678018
174,5250000,3800.0,3,1,2,yes,yes,yes,no,no,1,yes,unfurnished,0.3876312743844713
175,5250000,9800.0,4,2,2,yes,yes,no,no,no,2,no,semi-furnished,0.23196121380772905
176,5250000,8520.0,3,1,1,yes,no,no,no,yes,2,no,furnished,0.013585325858359032
177,5243000,6050.0,3,1,1,yes,no,yes,no,no,0,yes,semi-furnished,0.7406821524031085
178,5229000,7085.0,3,1,1,yes,yes,yes,no,no,2,yes,semi-furnished,0.5229961678777773
179,5215000,3180.0,3,2,2,yes,no,no,no,no,2,no,semi-furnished,0.9481192591257589
180,5215000,4500.0,4,2,1,no,no,yes,no,yes,2,no,semi-furnished,0.5794511196596278
181,5215000,7200.0,3,1,2,yes,yes,yes,no,no,1,yes,furnished,0.06526966380910881
182,5145000,3410.0,3,1,2,no,no,no,no,yes,0,no,semi-furnished,0.6050473237040148
183,5145000,7980.0,3,1,1,yes,no,no,no,no,1,yes,semi-furnished,0.8611335465301959
184,5110000,3000.0,3,2,2,yes,yes,yes,no,no,0,no,furnished,0.6682770266565388
185,5110000,3000.0,3,1,2,yes,no,yes,no,no,0,no,unfurnished,0.10979876879644757
186,5110000,11410.0,2,1,2,yes,no,no,no,no,0,yes,furnished,0.10263038123220491
187,5110000,6100.0,3,1,1,yes,no,yes,no,yes,0,yes,semi-furnished,0.8335410897925588
188,5075000,5720.0,2,1,2,,no,no,no,yes,0,yes,unfurnished,0.6527122489740955
189,5040000,3540.0,2,1,1,no,yes,yes,no,no,0,no,semi-furnished,0.3071246469413025
190,5040000,7600.0,4,1,2,yes,no,no,no,yes,2,no,furnished,0.2954555969549023
191,5040000,10700.0,3,1,2,yes,yes,yes,no,no,0,no,semi-furnished,0.1892333817105285
192,-5040000,6600.0,3,1,1,yes,yes,yes,no,no,0,yes,furnished,0.10334518133227999
193,5033000,4800.0,2,1,1,yes,yes,yes,no,no,0,no,semi-furnished,0.6903758246634831
194,5005000,,3,2,1,yes,yes,yes,no,no,0,no,semi-furnished,0.6475286443340944
195,4970000,4410.0,4,3,2,yes,no,yes,no,no,2,no,semi-furnished,0.7835098556668381
196,4970000,7686.0,3,1,1,yes,yes,yes,yes,no,0,no,semi-furnished,0.4109700292443198
197,4956000,2800.0,3,2,2,,no,yes,no,yes,1,no,semi-furnished,0.3624558755890024
198,4935000,5948.0,3,1,2,yes,no,no,no,yes,0,no,semi-furnished,0.6049557382333335
199,4907000,4200.0,3,1,2,yes,no,no,no,no,1,no,furnished,0.941781664756834
200,4900000,4520.0,3,1,2,yes,no,yes,no,yes,0,no,semi-furnished,0.24827848062679292
201,4900000,4095.0,3,1,2,no,yes,yes,no,yes,0,no,semi-furnished,0.26354200237813297
202,4900000,4120.0,2,1,1,yes,no,yes,no,no,1,no,semi-furnished,0.646016454758272
203,4900000,5400.0,4,1,2,yes,no,no,no,no,0,no,semi-furnished,0.1725378563640405
204,4900000,4770.0,3,1,1,,yes,yes,no,no,0,no,semi-furnished,0.12590108850814064
205,4900000,6300.0,3,1,1,yes,no,no,no,yes,2,no,semi-furnished,0.890961069698209
206,4900000,5800.0,2,1,1,yes,yes,yes,no,yes,0,no,semi-furnished,0.7041611591489993
207,4900000,3000.0,3,1,2,yes,no,yes,no,yes,0,no,semi-furnished,0.854107827041612
208,4900000,2970.0,3,1,3,yes,no,no,no,no,0,no,semi-furnished,0.9595742538593984
209,4900000,6720.0,3,1,1,yes,no,no,no,no,0,no,unfurnished,0.8801253471353494
210,4900000,4646.0,3,1,2,yes,yes,yes,no,no,2,no,semi-furnished,0.8394441689605202
211,4900000,12900.0,3,1,1,yes,no,no,no,no,2,no,furnished,0.6809321833418338
212,-4893000,3420.0,4,2,2,yes,no,yes,no,yes,2,no,semi-furnished,0.2678433652733402
213,4893000,4995.0,4,2,1,yes,no,yes,no,no,0,no,semi-furnished,0.4457565966814454
214,4865000,4350.0,2,1,1,,no,yes,no,no,0,no,unfurnished,0.42100533644969107
215,4830000,4160.0,3,1,3,yes,no,no,no,no,0,no,unfurnished,0.8215965193935568
216,4830000,6040.0,3,1,1,yes,no,no,no,no,2,yes,semi-furnished,0.44111753774803775
217,4830000,6862.0,3,1,2,yes,no,no,no,yes,2,yes,furnished,0.2862371005057103
218,4830000,4815.0,2,1,1,yes,no,no,no,yes,0,yes,semi-furnished,0.16414603101368308
219,4795000,7000.0,3,1,2,yes,no,yes,no,no,0,no,unfurnished,0.2856893342359318
220,4795000,8100.0,4,1,4,yes,no,yes,no,yes,2,no,semi-furnished,0.1527902991227642
221,4767000,3420.0,4,2,2,,no,no,no,no,0,no,semi-furnished,0.6674999182000304
222,4760000,9166.0,2,1,1,yes,no,yes,no,yes,2,no,semi-furnished,0.9699324489296836
223,4760000,6321.0,3,1,2,yes,no,yes,no,yes,1,no,furnished,0.8629895458793533
224,4760000,10240.0,2,1,1,yes,no,no,no,yes,2,yes,unfurnished,0.4331850148166084
225,4753000,6440.0,2,1,1,yes,no,no,no,yes,3,no,semi-furnished,0.664547106398909
226,4690000,5170.0,3,1,4,yes,no,no,no,yes,0,no,semi-furnished,0.1360820252490086
227,4690000,6000.0,2,1,1,yes,no,yes,no,yes,1,no,furnished,0.7751381121897614
228,4690000,3630.0,3,1,2,yes,no,no,no,no,2,no,semi-furnished,0.1558461838254268
229,4690000,9667.0,4,2,2,yes,yes,yes,no,no,1,no,semi-furnished,0.2858088105076799
230,4690000,5400.0,2,1,2,yes,no,no,no,no,0,yes,semi-furnished,0.3669500503641816
231,4690000,4320.0,3,1,1,yes,no,no,no,no,0,yes,semi-furnished,0.98516447798287
232,4655000,3745.0,3,1,2,yes,no,yes,no,no,0,no,furnished,0.3465652185069459
233,4620000,,3,1,1,yes,yes,yes,no,yes,0,no,unfurnished,0.8129860686733222
234,4620000,3880.0,3,2,2,yes,no,yes,no,no,2,no,semi-furnished,0.7353196030609156
235,4620000,5680.0,3,1,2,yes,yes,no,no,yes,1,no,semi-furnished,0.1946753435765779
236,-4620000,2870.0,2,1,2,yes,yes,yes,no,no,0,yes,semi-furnished,0.04134167168401692
237,4620000,5010.0,3,1,2,yes,no,yes,no,no,0,no,semi-furnished,0.8487145385019709
238,4613000,4510.0,4,2,2,yes,no,yes,no,no,0,no,semi-furnished,0.7013351181024945
239,4585000,4000.0,3,1,2,yes,no,no,no,no,1,no,furnished,0.5361331668755855
240,-4585000,3840.0,3,1,2,yes,no,no,no,no,1,yes,semi-furnished,0.7260386748210549
241,4550000,3760.0,3,1,1,yes,no,no,no,no,2,no,semi-furnished,0.16357552167381129
242,4550000,3640.0,3,1,2,yes,no,no,no,yes,0,no,furnished,0.33484117899479937
243,4550000,2550.0,3,1,2,yes,no,yes,no,no,0,no,furnished,0.8985613610430845
244,4550000,5320.0,3,1,2,yes,yes,yes,no,no,0,yes,semi-furnished,0.5486158466312834
245,4550000,5360.0,3,1,2,yes,no,no,no,no,2,yes,unfurnished,0.816905740428957
246,-4550000,3520.0,3,1,1,yes,no,no,no,no,0,yes,semi-furnished,0.7904814295985566
247,4550000,8400.0,4,1,4,yes,no,no,no,no,3,no,unfurnished,0.4250233290720614
248,4543000,4100.0,2,2,1,yes,yes,yes,no,no,0,no,semi-furnished,0.8758429642678106
249,4543000,4990.0,4,2,2,yes,yes,yes,no,no,0,yes,furnished,0.9756390336687797
250,4515000,3510.0,3,1,3,yes,no,no,no,no,0,no,semi-furnished,0.07778932464047261
251,4515000,3450.0,3,1,2,yes,no,yes,no,no,1,no,semi-furnished,0.24697303889451017
252,4515000,9860.0,3,1,1,yes,no,no,no,no,0,no,semi-furnished,0.7498100723210659
253,4515000,3520.0,2,1,2,yes,no,no,no,no,0,yes,furnished,0.8384828358817703
254,4480000,4510.0,4,1,2,yes,no,no,no,yes,2,no,semi-furnished,0.15798201417127455
255,4480000,,2,1,1,yes,no,no,no,yes,1,no,unfurnished,0.16757164683443293
256,4480000,4000.0,3,1,2,yes,no,no,no,no,2,no,furnished,0.7087612499582587
257,4480000,8250.0,3,1,1,yes,no,no,no,no,0,no,furnished,0.46130100794308737
258,4480000,4040.0,3,1,2,yes,no,no,no,no,1,no,semi-furnished,0.6171079046821497
259,4473000,6360.0,2,1,1,yes,no,yes,no,yes,1,no,furnished,0.6339421797621129
260,4473000,3162.0,3,1,2,yes,no,no,no,yes,1,no,furnished,0.40210450699382627
261,4473000,3510.0,3,1,2,yes,no,no,no,no,0,no,semi-furnished,0.5257049317936052
262,4445000,3750.0,2,1,1,yes,yes,yes,no,no,0,no,semi-furnished,0.8807995970569
263,4410000,3968.0,3,1,2,no,no,no,no,no,0,no,semi-furnished,0.538923716507698
264,4410000,4900.0,2,1,2,yes,no,yes,no,no,0,no,semi-furnished,0.9547063215425748
265,4403000,2880.0,3,1,2,,no,no,no,no,0,yes,semi-furnished,0.2670566731648577
266,4403000,,3,1,1,yes,no,no,no,no,2,yes,unfurnished,0.5887055345566238
267,4403000,4920.0,3,1,2,yes,no,no,no,no,1,no,semi-furnished,0.9127047535256065
268,4382000,4950.0,4,1,2,yes,no,no,no,yes,0,no,semi-furnished,0.4444323036112733
269,4375000,3900.0,3,1,2,yes,no,no,no,no,0,no,unfurnished,0.2544767633119155
270,4340000,4500.0,3,2,3,yes,no,no,yes,no,1,no,furnished,0.21504122880942178
271,4340000,1905.0,5,1,2,no,no,yes,no,no,0,no,semi-furnished,0.14016448104125467
272,4340000,4075.0,3,1,1,yes,yes,yes,no,no,2,no,semi-furnished,0.9808079444200248
273,4340000,3500.0,4,1,2,yes,no,no,no,no,2,no,furnished,0.13788924113219203
274,4340000,6450.0,4,1,2,yes,no,no,no,no,0,no,semi-furnished,0.21521357807265296
275,4319000,4032.0,2,1,1,yes,no,yes,no,no,0,no,furnished,0.8682491216024648
276,4305000,4400.0,2,1,1,yes,no,no,no,no,1,no,semi-furnished,0.7860929207387041
277,4305000,10360.0,2,1,1,yes,no,no,no,no,1,yes,semi-furnished,0.5099029567329518
278,4277000,3400.0,3,1,2,yes,no,yes,no,no,2,yes,semi-furnished,0.4807190950107608
279,4270000,6360.0,2,1,1,yes,no,no,no,no,0,no,furnished,0.4977468649452079
280,4270000,6360.0,2,1,2,yes,no,no,no,no,0,no,unfurnished,0.06613469572482533
281,4270000,4500.0,2,1,1,yes,no,no,no,yes,2,no,furnised,0.961975078403224
282,4270000,2175.0,3,1,2,no,yes,yes,no,yes,0,no,unfurnished,0.9948842750516972
283,4270000,4360.0,4,1,2,yes,no,no,no,no,0,no,furnished,0.5764671911374478
284,4270000,7770.0,2,1,1,yes,no,no,no,no,1,no,furnished,0.6916400900160287
285,4235000,6650.0,3,1,2,yes,yes,no,no,no,0,no,semi-furnished,0.07315132474499708
286,4235000,2787.0,3,1,1,yes,no,yes,no,no,0,yes,furnished,0.6519499799133893
287,4200000,5500.0,3,1,2,yes,no,no,no,yes,0,no,unfurnished,0.23672980229966367
288,-4200000,5040.0,3,1,2,yes,no,yes,no,yes,0,no,unfurnished,0.8617021207460092
289,4200000,5850.0,2,1,1,yes,yes,yes,no,no,2,no,semi-furnished,0.0348809808302748
290,4200000,2610.0,4,3,2,no,no,no,no,no,0,no,semi-furnished,0.17141895148333852
291,4200000,2953.0,3,1,2,yes,no,yes,no,yes,0,no,unfurnished,0.01759048826133558
292,4200000,,4,2,2,no,no,no,no,no,0,no,semi-furnished,0.5609340740398371
293,4200000,4410.0,2,1,1,no,no,no,no,no,1,no,unfurnished,0.36309551415470975
294,4200000,4000.0,4,2,2,no,no,no,no,no,0,no,semi-furnished,0.6541171520260862
295,4200000,2325.0,3,1,2,no,no,no,no,no,0,no,semi-furnished,0.5199545177571525
296,4200000,4600.0,3,2,2,yes,no,no,no,yes,1,no,semi-furnished,0.007122490071729937
297,4200000,3640.0,3,2,2,yes,no,yes,no,no,0,no,unfurnished,0.9989985184674248
298,4200000,5800.0,3,1,1,yes,no,no,yes,no,2,no,semi-furnished,0.14665831930753148
299,4200000,7000.0,3,1,1,yes,no,no,no,no,3,no,furnished,0.09410280028307605
300,4200000,4079.0,3,1,3,yes,no,no,no,no,0,no,semi-furnished,0.9919900658218169
301,4200000,3520.0,3,1,2,yes,no,no,no,no,0,yes,semi-furnished,0.2584572124949671
302,4200000,2145.0,3,1,3,,no,no,no,no,1,yes,unfurnished,0.45941236679822295
303,4200000,4500.0,3,1,1,yes,no,yes,no,no,0,no,furnished,0.6585300502112104
304,4193000,8250.0,3,1,1,yes,no,yes,no,no,3,no,semi-furnished,0.5327908021335892
305,4193000,3450.0,3,1,2,yes,no,no,no,no,1,no,semi-furnished,0.9929290286956209
306,4165000,4840.0,3,1,2,yes,no,no,no,no,1,no,semi-furnished,0.9499424897824714
307,4165000,4080.0,3,1,2,yes,no,no,no,no,2,no,semi-furnished,0.6717436139165845
308,4165000,4046.0,3,1,2,yes,no,yes,no,no,1,no,semi-furnished,0.9742384199148593
309,4130000,4632.0,4,1,2,yes,no,no,no,yes,0,no,semi-furnished,0.5291722084435829
310,4130000,5985.0,3,1,1,yes,no,yes,no,no,0,no,semi-furnished,0.8212337375784002
311,4123000,,2,1,1,yes,no,yes,no,no,1,no,semi-furnished,0.08351365426959068
312,4098500,3600.0,3,1,1,yes,no,yes,no,yes,0,yes,furnished,0.7028293951768111
313,4095000,3680.0,3,2,2,yes,no,no,no,no,0,no,semi-furnished,0.6856183061359808
314,4095000,4040.0,2,1,2,yes,no,no,no,no,1,no,semi-furnished,0.4197794164386822
315,4095000,5600.0,2,1,1,,no,no,no,yes,0,no,semi-furnished,0.8779015192095582
316,4060000,5900.0,4,2,2,no,no,yes,no,no,1,no,unfurnished,0.0795615128007584
317,4060000,4992.0,3,2,2,yes,no,no,no,no,2,no,unfurnished,0.14181701451187512
318,4060000,4340.0,3,1,1,yes,no,no,no,no,0,no,semi-furnished,0.758365683818567
319,4060000,3000.0,4,1,3,yes,no,yes,no,yes,2,no,semi-furnished,0.3754143420486681
320,4060000,4320.0,3,1,2,yes,no,no,no,no,2,yes,furnished,0.6116685527966438
321,4025000,3630.0,3,2,2,yes,no,no,yes,no,2,no,semi-furnished,0.19143520955298077
322,4025000,3460.0,3,2,1,yes,no,yes,no,yes,1,no,furnished,0.37128806625663713
323,4025000,5400.0,3,1,1,yes,no,no,no,no,3,no,semi-furnished,0.041481798089465505
324,4007500,4500.0,3,1,2,no,no,yes,no,yes,0,no,semi-furnished,0.9736248672051621
325,4007500,3460.0,4,1,2,yes,no,no,no,yes,0,no,semi-furnished,0.2956177990121127
326,3990000,4100.0,4,1,1,no,no,yes,no,no,0,no,unfurnished,0.10669729483325618
327,3990000,6480.0,3,1,2,no,no,no,no,yes,1,no,semi-furnished,0.34749750588523687
328,3990000,4500.0,3,2,2,no,no,yes,no,yes,0,no,semi-furnished,0.8126077184709284
329,3990000,3960.0,3,1,2,,no,no,no,no,0,no,furnished,0.9225091305016906
330,-3990000,4050.0,2,1,2,yes,yes,yes,no,no,0,yes,unfurnished,0.16352157336605055
331,3920000,7260.0,3,2,1,yes,yes,yes,no,no,3,no,furnished,0.3663929629731859
332,3920000,5500.0,4,1,2,yes,yes,yes,no,no,0,no,semi-furnished,0.6151425169149572
333,3920000,3000.0,3,1,2,yes,no,no,no,no,0,no,semi-furnished,0.5289640393277814
334,3920000,3290.0,2,1,1,yes,no,no,yes,no,1,no,furnished,0.30468735084550713
335,3920000,3816.0,2,1,1,yes,no,yes,no,yes,2,no,furnished,0.5169596290285748
336,3920000,8080.0,3,1,1,yes,no,no,no,yes,2,no,semi-furnished,0.3942444027629889
337,3920000,2145.0,4,2,1,yes,no,yes,no,no,0,yes,unfurnished,0.09366083158731398
338,3885000,3780.0,2,1,2,yes,yes,yes,no,no,0,no,semi-furnished,0.7538236107249132
339,3885000,3180.0,4,2,2,yes,no,no,no,no,0,no,furnished,0.29322313568045355
340,-3850000,5300.0,5,2,2,yes,no,no,no,no,0,no,semi-furnished,0.12059775833275566
341,3850000,3180.0,2,2,1,yes,no,yes,no,no,2,no,semi-furnished,0.666858470965238
342,3850000,7152.0,3,1,2,yes,no,no,no,yes,0,no,furnished,0.48655040263235505
343,3850000,4080.0,2,1,1,yes,no,no,no,no,0,no,semi-furnished,0.19604948562420765
344,3850000,3850.0,2,1,1,yes,no,no,no,no,0,no,semi-furnished,0.5598981487144211
345,3850000,2015.0,3,1,2,yes,no,yes,no,no,0,yes,semi-furnished,0.9762227059337651
346,3850000,2176.0,2,1,2,yes,yes,no,no,no,0,yes,semi-furnished,0.9908453817647148
347,3836000,3350.0,3,1,2,yes,no,no,no,no,0,no,unfurnished,0.0382735602240849
348,3815000,3150.0,2,2,1,no,no,yes,no,no,0,no,semi-furnished,0.46196253035286716
349,-3780000,4820.0,3,1,2,yes,no,no,no,no,0,no,semi-furnished,0.6296148702049202
350,3780000,3420.0,2,1,2,yes,no,no,yes,no,1,no,semi-furnished,0.7087037095324005
351,3780000,3600.0,2,1,1,yes,no,no,no,no,0,no,semi-furnished,0.218474201891262
352,3780000,5830.0,2,1,1,yes,no,no,no,no,2,no,unfurnished,0.1367029133531632
353,3780000,2856.0,3,1,3,yes,no,no,no,no,0,yes,furnished,0.11363695488448466
354,3780000,8400.0,2,1,1,yes,no,no,no,no,1,no,furnished,0.0266808525500849
355,3773000,8250.0,3,1,1,yes,no,no,no,no,2,no,furnished,0.19897967501977953
356,3773000,2520.0,5,2,1,no,no,yes,no,yes,1,no,furnished,0.7856766238785522
357,3773000,6930.0,4,1,2,no,no,no,no,no,1,no,furnished,0.7059991102829127
358,3745000,3480.0,2,1,1,yes,no,no,no,no,0,yes,semi-furnished,0.28984418666376444
359,3710000,3600.0,3,1,1,yes,no,no,no,no,1,no,unfurnished,0.4581340293354478
360,3710000,4040.0,2,1,1,yes,no,no,no,no,0,no,semi-furnished,0.47298268385723774
361,3710000,6020.0,3,1,1,yes,no,no,no,no,0,no,semi-furnished,0.2953104209022347
362,3710000,4050.0,2,1,1,yes,no,no,no,no,0,no,furnished,0.7897968271213952
363,3710000,3584.0,2,1,1,yes,no,no,yes,no,0,no,semi-furnished,0.915122988450116
364,-3703000,3120.0,3,1,2,no,no,yes,yes,no,0,no,semi-furnished,0.8750727376062218
365,3703000,5450.0,2,1,1,yes,no,no,no,no,0,no,furnished,0.3895078279576817
366,3675000,3630.0,2,1,1,yes,no,yes,no,no,0,no,furnished,0.840447673542509
367,3675000,3630.0,2,1,1,yes,no,no,no,yes,0,no,unfurnished,0.5165171682182964
368,3675000,5640.0,2,1,1,no,no,no,no,no,0,no,semi-furnished,0.6588556403904644
369,3675000,3600.0,2,1,1,yes,no,no,no,no,0,no,furnished,0.8502944762331939
370,3640000,,2,1,1,yes,no,no,no,yes,2,no,semi-furnished,0.7352893322217027
371,3640000,3570.0,3,1,2,yes,no,yes,no,no,0,no,semi-furnished,0.1447255108350627
372,3640000,3180.0,3,1,2,no,no,yes,no,no,0,no,semi-furnished,0.4570649234957358
373,3640000,3000.0,2,1,2,yes,no,no,no,yes,0,no,furnished,0.8788618996271933
374,3640000,3520.0,2,2,1,yes,no,yes,no,no,0,no,semi-furnished,0.12027407852775873
375,3640000,5960.0,3,1,2,yes,yes,yes,no,no,0,no,unfurnished,0.7502670058839743
376,3640000,4130.0,3,2,2,yes,no,no,no,no,2,no,semi-furnished,0.6761425978239608
377,3640000,2850.0,3,2,2,no,no,yes,no,no,0,yes,unfurnished,0.12357970550240482
378,3640000,2275.0,3,1,3,yes,no,no,yes,yes,0,yes,semi-furnished,0.6713770124567607
379,3633000,3520.0,3,1,1,yes,no,no,no,no,2,yes,unfurnished,0.653366066475986
380,3605000,4500.0,2,1,1,yes,no,no,no,no,0,no,semi-furnished,0.07308889382630268
381,3605000,4000.0,2,1,1,yes,no,no,no,no,0,yes,semi-furnished,0.9149541610046217
382,3570000,3150.0,3,1,2,yes,no,yes,no,no,0,no,furnished,0.011716443848560743
383,3570000,4500.0,4,2,2,yes,no,yes,no,no,2,no,furnished,0.6684100023410486
384,3570000,4500.0,2,1,1,no,no,no,no,no,0,no,furnished,0.1298866386657589
385,3570000,3640.0,2,1,1,yes,no,no,no,no,0,no,unfurnished,0.504221700023054
386,3535000,3850.0,3,1,1,yes,no,no,no,no,2,no,unfurnished,0.8553444236595132
387,3500000,4240.0,3,1,2,yes,no,no,no,yes,0,no,semi-furnished,0.7617035809473323
388,3500000,3650.0,3,1,2,yes,no,no,no,no,0,no,unfurnished,0.3565109056974164
389,3500000,4600.0,4,1,2,yes,no,no,no,no,0,no,semi-furnished,0.365170933451184
390,3500000,,3,2,2,no,no,no,no,no,0,no,unfurnished,0.10757780565343811
391,3500000,3036.0,3,1,2,yes,no,yes,no,no,0,no,semi-furnished,0.18436034554003677
392,3500000,3990.0,3,1,2,yes,no,no,no,no,0,no,semi-furnished,0.13186307564402688
393,3500000,7424.0,3,1,1,no,no,no,no,no,0,no,unfurnished,0.8118153773765233
394,3500000,3480.0,3,1,1,no,no,no,no,yes,0,no,unfurnished,0.3313692786120591
395,3500000,3600.0,6,1,2,yes,no,no,no,no,1,no,unfurnished,0.540533343525074
396,3500000,3640.0,2,1,1,yes,no,no,no,no,1,no,semi-furnished,0.9437575750084057
397,3500000,,2,1,1,yes,no,no,no,no,1,no,furnished,0.6194282782578608
398,3500000,3120.0,3,1,2,yes,no,no,no,no,1,no,unfurnished,0.04928415543992981
399,3500000,7350.0,2,1,1,yes,no,no,no,no,1,no,semi-furnished,0.6509452799059892
400,3500000,3512.0,2,1,1,yes,no,no,no,no,1,yes,unfurnished,0.8220206704577288
401,3500000,9500.0,3,1,2,yes,no,no,no,no,3,yes,unfurnished,0.041890621298559916
402,3500000,5880.0,2,1,1,yes,no,no,no,no,0,no,unfurnished,0.40651956727422944
403,3500000,12944.0,3,1,1,yes,no,no,no,no,0,no,unfurnished,0.5274230939126028
404,3493000,4900.0,3,1,2,no,no,no,no,no,0,no,unfurnished,0.9060169161554428
405,3465000,3060.0,3,1,1,yes,no,no,no,no,0,no,unfurnished,0.8958673795978521
406,3465000,5320.0,2,1,1,yes,no,no,no,no,1,yes,unfurnished,0.20031872220545988
407,3465000,2145.0,3,1,3,yes,no,no,no,no,0,yes,furnished,0.2240430812780504
408,3430000,4000.0,2,1,1,yes,no,no,no,no,0,no,unfurnished,0.9343997984993215
409,3430000,3185.0,2,1,1,yes,no,no,no,no,2,no,unfurnished,0.8439985525527623
410,3430000,3850.0,3,1,1,yes,no,no,no,no,0,no,unfurnished,0.8976014648246384
411,3430000,2145.0,3,1,3,yes,no,no,no,no,0,yes,furnished,0.43727888375799506
412,3430000,2610.0,3,1,2,yes,no,yes,no,no,0,yes,unfurnished,0.23299263997792918
413,3430000,1950.0,3,2,2,yes,no,yes,no,no,0,yes,unfurnished,0.7313140639353848
414,3423000,4040.0,2,1,1,yes,no,no,no,no,0,no,unfurnished,0.8438953725708664
415,3395000,4785.0,3,1,2,yes,yes,yes,no,yes,1,no,furnished,0.8086091991174016
416,3395000,3450.0,3,1,1,yes,no,yes,no,no,2,no,unfurnished,0.3784447355037178
417,3395000,3640.0,2,1,1,yes,no,no,no,no,0,no,furnished,0.5682647397708067
418,3360000,3500.0,4,1,2,yes,no,no,no,yes,2,no,unfurnished,0.1630195335225174
419,3360000,4960.0,4,1,3,no,no,no,no,no,0,no,semi-furnished,0.2199202324294628
420,3360000,4120.0,2,1,2,yes,no,no,no,no,0,no,unfurnished,0.3573048335221036
421,3360000,4750.0,2,1,1,yes,no,no,no,no,0,no,unfurnished,0.6847865639473293
422,3360000,3720.0,2,1,1,no,no,no,no,yes,0,no,unfurnished,0.684718032270453
423,3360000,3750.0,3,1,1,yes,no,no,no,no,0,no,unfurnished,0.438745912108481
424,3360000,3100.0,3,1,2,no,no,yes,no,no,0,no,semi-furnished,0.5029450094611413
425,3360000,3185.0,2,1,1,yes,no,yes,no,no,2,no,furnished,0.5111755718353396
426,3353000,2700.0,3,1,1,no,no,no,no,no,0,no,furnished,0.8214552674820321
427,3332000,2145.0,3,1,2,yes,no,yes,no,no,0,yes,furnished,0.9995920158194205
428,3325000,4040.0,2,1,1,yes,no,no,no,no,1,no,unfurnished,0.8218769004647641
429,3325000,4775.0,4,1,2,yes,no,no,no,no,0,no,unfurnished,0.014348225645873569
430,3290000,,2,1,1,no,no,no,no,yes,0,no,unfurnished,0.31378759567448056
431,3290000,3180.0,4,1,2,yes,no,yes,no,yes,0,no,unfurnished,0.1856760324785275
432,3290000,6060.0,3,1,1,,yes,yes,no,no,0,no,furnished,0.7568813952002832
433,3290000,,4,1,2,no,no,no,no,no,1,no,semi-furnished,0.4083073600772308
434,3290000,3792.0,4,1,2,yes,no,no,no,no,0,no,semi-furnished,0.8038953325477851
435,3290000,4040.0,2,1,1,yes,no,no,no,no,0,no,unfurnished,0.5948880927183158
436,3290000,2145.0,3,1,2,yes,no,yes,no,no,0,yes,furnished,0.11838284872712712
437,3290000,5880.0,3,1,1,yes,no,no,no,no,1,no,unfurnished,0.7008830357455622
438,3255000,,2,1,1,no,no,no,no,no,0,no,semi-furnished,0.4568572435289616
439,3255000,3930.0,2,1,1,no,no,no,no,no,0,no,unfurnished,0.6621297797146529
440,-3234000,3640.0,4,1,2,yes,no,yes,no,no,0,no,unfurnished,0.7997252527084905
441,3220000,4370.0,3,1,2,yes,no,no,no,no,0,no,unfurnished,0.7335572190798073
442,3220000,2684.0,2,1,1,yes,no,no,no,yes,1,no,unfurnished,0.4382909046785253
443,3220000,4320.0,3,1,1,no,no,no,no,no,1,no,unfurnished,0.9588111704624879
444,3220000,3120.0,3,1,2,no,no,no,no,no,0,no,furnished,0.4376668720277952
445,3150000,3450.0,1,1,1,yes,no,no,no,no,0,no,furnished,0.35373925563594766
446,3150000,3986.0,2,2,1,no,yes,yes,no,no,1,no,unfurnished,0.1328969158981964
447,3150000,3500.0,2,1,1,no,no,yes,no,no,0,no,semi-furnished,0.6721370069559424
448,3150000,4095.0,2,1,1,yes,no,no,no,no,2,no,semi-furnished,0.6072301807267337
449,3150000,1650.0,3,1,2,no,no,yes,no,no,0,no,unfurnished,0.2652879523707268
450,3150000,3450.0,3,1,2,yes,no,yes,no,no,0,no,semi-furnished,0.5328176805252364
451,3150000,6750.0,2,1,1,yes,no,no,no,no,0,no,semi-furnished,0.09004106883872509
452,3150000,9000.0,3,1,2,yes,no,no,no,no,2,no,semi-furnished,0.8661745439890846
453,3150000,3069.0,2,1,1,yes,no,no,no,no,1,no,unfurnished,0.35515709693087927
454,3143000,4500.0,3,1,2,yes,no,no,no,yes,0,no,unfurnished,0.6359489835153529
455,3129000,5495.0,3,1,1,yes,no,yes,no,no,0,no,unfurnished,0.6604818352233929
456,3118850,2398.0,3,1,1,yes,no,no,no,no,0,yes,semi-furnished,0.3677328020451085
457,3115000,3000.0,3,1,1,no,no,no,no,yes,0,no,unfurnished,0.21788622325190932
458,3115000,3850.0,3,1,2,yes,no,no,no,no,0,no,unfurnished,0.5160761515612494
459,3115000,3500.0,2,1,1,yes,no,no,no,no,0,no,unfurnished,0.38602681301729413
460,3087000,8100.0,2,1,1,yes,no,no,no,no,1,no,unfurnished,0.07538123502426441
461,3080000,4960.0,2,1,1,yes,no,yes,no,yes,0,no,unfurnished,0.2634079436167128
462,3080000,2160.0,3,1,2,no,no,yes,no,no,0,no,semi-furnished,0.596960830139101
463,3080000,3090.0,2,1,1,yes,yes,yes,no,no,0,no,unfurnished,0.4666887702767404
464,3080000,4500.0,2,1,2,yes,no,no,yes,no,1,no,semi-furnished,0.9679429657947056
465,3045000,3800.0,2,1,1,yes,no,no,no,no,0,no,unfurnished,0.0920533849521099
466,3010000,3090.0,3,1,2,no,no,no,no,no,0,no,semi-furnished,0.5600756790497202
467,3010000,3240.0,3,1,2,yes,no,no,no,no,2,no,semi-furnished,0.08510891831575251
468,3010000,2835.0,2,1,1,yes,no,no,no,no,0,no,semi-furnished,0.03731074108936383
469,3010000,4600.0,2,1,1,yes,no,no,no,no,0,no,furnished,0.9870408523194769
470,3010000,5076.0,3,1,1,no,no,no,no,no,0,no,unfurnished,0.3247821696304204
471,3010000,3750.0,3,1,2,yes,no,no,no,no,0,no,unfurnished,0.3491251626704477
472,3010000,3630.0,4,1,2,yes,no,no,no,no,3,no,semi-furnished,0.7620188095010313
473,3003000,8050.0,2,1,1,yes,no,no,no,no,0,no,unfurnished,0.2632600302268262
474,2975000,4352.0,4,1,2,no,no,no,no,no,1,no,unfurnished,0.6453295342911254
475,2961000,3000.0,2,1,2,yes,no,no,no,no,0,no,semi-furnished,0.289274950406221
476,2940000,5850.0,3,1,2,yes,no,yes,no,no,1,no,unfurnished,0.3653162329391243
477,2940000,4960.0,2,1,1,yes,no,no,no,no,0,no,unfurnished,0.25512804526287114
478,2940000,3600.0,3,1,2,no,no,no,no,no,1,no,unfurnished,0.9710527756760499
479,2940000,3660.0,4,1,2,no,no,no,no,no,0,no,unfurnished,0.5700065557046788
480,2940000,3480.0,3,1,2,no,no,no,no,no,1,no,semi-furnished,0.2901191380522451
481,2940000,2700.0,2,1,1,no,no,no,no,no,0,no,furnished,0.6609446503498158
482,2940000,3150.0,3,1,2,no,no,no,no,no,0,no,unfurnished,0.04918391413862777
483,2940000,6615.0,3,1,2,yes,no,no,no,no,0,no,semi-furnished,0.7916287020507189
484,2870000,3040.0,2,1,1,no,no,no,no,no,0,no,unfurnished,0.947846482990715
485,2870000,3630.0,2,1,1,yes,no,no,no,no,0,no,unfurnished,0.24077073098698432
486,2870000,6000.0,2,1,1,yes,no,no,no,no,0,no,semi-furnished,0.4273101206709389
487,2870000,5400.0,4,1,2,yes,no,no,no,no,0,no,unfurnished,0.5026759749291524
488,2852500,5200.0,4,1,3,yes,no,no,no,no,0,no,unfurnished,0.867524032431491
489,2835000,3300.0,3,1,2,no,no,no,no,no,1,no,semi-furnished,0.5983637546113445
490,2835000,4350.0,3,1,2,no,no,no,yes,no,1,no,unfurnished,0.767177560674624
491,2835000,2640.0,2,1,1,no,no,no,no,no,1,no,furnished,0.43035148701692305
492,2800000,2650.0,3,1,2,yes,no,yes,no,no,1,no,unfurnished,0.8114355147616463
493,2800000,3960.0,3,1,1,yes,no,no,no,no,0,no,furnished,0.29085461257788237
494,2730000,6800.0,2,1,1,yes,no,no,no,no,0,no,unfurnished,0.8127082885164136
495,2730000,4000.0,3,1,2,yes,no,no,no,no,1,no,unfurnished,0.5758856327385184
496,2695000,4000.0,2,1,1,yes,no,no,no,no,0,no,unfurnished,0.58686219412764
497,2660000,3934.0,2,1,1,yes,no,no,no,no,0,no,unfurnished,0.5109206619733498
498,2660000,2000.0,2,1,2,yes,no,no,no,no,0,no,semi-furnished,0.622962615596328
499,2660000,3630.0,3,3,2,no,yes,no,no,no,0,no,unfurnished,0.039519593258143026
500,2660000,2800.0,3,1,1,yes,no,no,no,no,0,no,unfurnished,0.3381798617342985
501,2660000,,3,1,1,no,no,no,no,no,0,no,unfurnished,0.8571663606379731
502,2660000,3480.0,2,1,1,yes,no,no,no,no,1,no,semi-furnished,0.1670783126894173
503,2660000,4000.0,3,1,1,yes,no,no,no,no,0,no,semi-furnished,0.11562335159354487
504,2653000,3185.0,2,1,1,yes,no,no,no,yes,0,no,unfurnished,0.5881852233637683
505,-2653000,4000.0,3,1,2,yes,no,no,no,yes,0,no,unfurnished,0.031725104114094904
506,2604000,2910.0,2,1,1,no,no,no,no,no,0,no,unfurnished,0.7360975601778641
507,-2590000,3600.0,2,1,1,yes,no,no,no,no,0,no,unfurnished,0.9172171268413389
508,2590000,4400.0,2,1,1,yes,no,no,no,no,0,no,unfurnished,0.655515245207566
509,2590000,3600.0,2,2,2,yes,no,yes,no,no,1,no,furnished,0.37470908309664386
510,2520000,2880.0,3,1,1,no,no,no,no,no,0,no,unfurnished,0.9240236519616106
511,2520000,,3,1,1,no,no,no,no,no,0,no,unfurnished,0.36316308143679454
512,2520000,3000.0,2,1,2,yes,no,no,no,no,0,no,furnished,0.17123779240973314
513,2485000,4400.0,3,1,2,yes,no,no,no,no,0,no,unfurnished,0.3780415865158314
514,2485000,3000.0,3,1,2,no,no,no,no,no,0,no,semi-furnished,0.055226551312394956
515,2450000,3210.0,3,1,2,yes,no,yes,no,no,0,no,unfurnished,0.887341985455193
516,2450000,3240.0,2,1,1,no,yes,no,no,no,1,no,unfurnished,0.010963074225255331
517,2450000,3000.0,2,1,1,yes,no,no,no,no,1,no,unfurnished,0.5295360096358226
518,2450000,3500.0,2,1,1,yes,yes,no,no,no,0,no,unfurnished,0.0048468780494773656
519,2450000,4840.0,2,1,2,yes,no,no,no,no,0,no,unfurnished,0.9732260589697795
520,2450000,7700.0,2,1,1,yes,no,no,no,no,0,no,unfurnished,0.632466939177507
521,2408000,3635.0,2,1,1,no,no,no,no,no,0,no,unfurnished,0.2130463029909967
522,2380000,2475.0,3,1,2,yes,no,no,no,no,0,no,furnished,0.05328204922228985
523,2380000,2787.0,4,2,2,yes,no,no,no,no,0,no,furnished,0.5109870173238867
524,2380000,3264.0,2,1,1,yes,no,no,no,no,0,no,unfurnished,0.12878229216412385
525,2345000,3640.0,2,1,1,yes,no,no,no,no,0,no,unfurnished,0.8408813154644074
526,2310000,3180.0,2,1,1,yes,no,no,no,no,0,no,unfurnished,0.03569967412972219
527,2275000,1836.0,2,1,1,no,no,yes,no,no,0,no,semi-furnished,0.5245997648371372
528,2275000,3970.0,1,1,1,no,no,no,no,no,0,no,unfurnished,0.7025059019851103
529,2275000,3970.0,3,1,2,yes,no,yes,no,no,0,no,unfurnished,0.8611791667959529
530,2240000,1950.0,3,1,1,no,no,no,yes,no,0,no,unfurnished,0.5153732907757654
531,2233000,5300.0,3,1,1,no,no,no,no,yes,0,yes,unfurnished,0.5345504910931379
532,2135000,3000.0,2,1,1,no,no,no,no,no,0,no,unfurnished,0.3263315633386009
533,2100000,2400.0,3,1,2,yes,no,no,no,no,0,no,unfurnished,0.5874542624031647
534,2100000,3000.0,4,1,2,yes,no,no,no,no,0,no,unfurnished,0.5278371433469204
535,2100000,3360.0,2,1,1,yes,no,no,no,no,1,no,unfurnished,0.22796465717587122
536,1960000,3420.0,5,1,2,no,no,no,no,no,0,no,unfurnished,0.021514144583268613
537,1890000,1700.0,3,1,2,yes,no,no,no,no,0,no,unfurnished,0.903857084310707
538,1890000,3649.0,2,1,1,yes,no,no,no,no,0,no,unfurnished,0.3117991676164138
539,1855000,2990.0,2,1,1,no,no,no,no,no,1,no,unfurnished,0.6165958200263242
540,1820000,3000.0,2,1,1,yes,no,yes,no,no,2,no,unfurnished,0.6774749180409693
541,1767150,2400.0,3,1,1,no,no,no,no,no,0,no,semi-furnished,0.21757287213674759
542,1750000,3620.0,2,1,1,yes,no,no,no,no,0,no,unfurnished,0.12027070862978884
543,1750000,2910.0,3,1,1,no,no,no,no,no,0,no,furnished,0.633817169280605
544,1750000,3850.0,3,1,2,yes,no,no,no,no,0,no,unfurnished,0.8809955827901593
